"cmp1","cmp2","cmp3","cmp4","cmp5","cmp6","cmp7","cmp8","cmp9","cmp10","cmp11","cmp12","cmp13","cmp14","cmp15","cmp16","cmp17","cmp18","cmp19","cmp20","cmp21","cmp22","cmp23","cmp24","cmp25","cmp26","cmp27","cmp28","cmp29","cmp30","cmp31","cmp32","cmp33","cmp34","cmp35","cmp36","cmp37","cmp38","cmp39","cmp40","cmp41","cmp42","cmp43","cmp44","cmp45","cmp46","cmp47","cmp48","cmp49","cmp50","gr"
9.53124079856832,3.80007418035613,5.74950177694006,6.69736106761485,6.62773054885692,7.18140410111905,8.95577041907294,5.63375044022226,9.11603039033129,6.86329804167794,7.87810392868168,8.90800690249826,4.19493731858713,8.5274387465549,7.1945478396329,9.31882919788796,4.84479824568246,10.4556597599945,8.71863498262791,10.3395570056528,6.28334292006023,7.97580942944105,9.61034961676752,7.69274597203314,8.83482000663295,8.29518480198941,10.3490648637064,6.78824301800379,9.06484166247858,5.17757808658979,5.72840414708074,5.97355404916141,8.62515091172134,5.50635712596081,11.2387443271177,8.29426928493061,8.79454952469675,6.98432982269372,9.38749774138655,8.96845759843166,8.6015055544246,6.53749181523884,9.37090316001453,5.33978583863451,7.82923678206661,5.26182540564458,6.91271065672034,5.78816303934381,7.63976086792879,3.93403804830474,"B"
8.03810796668717,6.58963820029007,7.06483634987246,5.49022085382098,5.79208022119536,7.29552403218573,10.5375795245805,5.52233934949532,12.0770947945846,9.37007324713856,7.64945242779977,10.962741062613,6.31568665091212,7.9633087270729,9.13612851658876,10.5153304636986,6.03056418653894,9.66646050945938,9.48889633571662,10.2023291288524,6.559896508255,10.3248007073253,10.7921052404089,9.27660070321971,7.94473406978336,8.44452751979666,11.7271351111441,5.37374333236941,8.05114100089972,5.12282758722347,6.4357518297685,6.85919454297287,8.35514706996767,6.1029365817967,10.2318962062923,7.85892571970741,8.55238287988482,9.604247319453,10.1064395217282,8.30391645546196,8.17705196450638,6.83872665580196,10.0387052121588,6.58467882750741,9.51401503500803,4.82094690432808,7.47294963939298,5.69081762659597,7.56619977832305,4.34621400901795,"B"
10.5846314881086,6.95465164222325,5.54268530663654,5.57644612585891,9.82212251875356,8.06082360853876,9.33041401284977,5.99916273806083,7.90077436779902,9.40682904093901,8.59946362113066,12.0282540924344,5.15326694680259,5.27983197234328,8.88591704581179,9.5317889149389,7.42971834994506,8.62999274546439,8.87038868328047,9.87183554931052,6.07285049375831,9.03747158691007,8.63642507991641,8.20082493149421,9.39465798095794,9.81819905589899,8.9895165980335,8.00945359610155,8.80779243145309,4.82170532045239,7.28315330258214,5.53776697675423,9.85887324215845,6.85581331136126,9.68556211910124,7.14445463915493,8.12990188248014,7.67235511979552,9.59132365386445,9.96842100298099,8.38370438304907,7.01443504499557,12.0810879857371,8.09864919315568,9.09339674031731,5.57791295773008,8.42920052913916,5.52078140817563,8.53070598803402,5.25147754339825,"B"
9.96788387514729,5.00493777682814,5.58772311162287,7.40021984515617,7.34660658918122,8.44235962082815,10.6388056114383,5.78503281753325,8.76149403467172,11.8439954326968,8.23127407756568,10.3442184787179,5.15085998873727,7.95287448412925,10.223456729445,9.49794267796527,3.9995541744679,10.5482512396752,9.32202001795494,8.88357317088422,8.8515899984814,8.92265725740495,8.34502343317969,8.6230829396242,7.72423793283241,8.63571137614199,10.9349724248773,7.48125353853947,9.34188539918939,3.678701342038,6.45955855854105,4.03809704368772,8.88494769540961,5.098983652348,11.4997037042092,8.19018269361223,8.4520156863203,7.13954907794341,11.1112441610269,11.3963486219118,7.80828005396438,4.66637647761032,10.9734468776476,5.113566294852,8.51196965910069,4.56644866123147,8.99153736502326,5.46755194722268,8.63797521316998,4.54736628610571,"B"
9.12562027614501,2.54829361215387,5.73892259761023,7.79608807970864,7.71531878064493,6.42517526478768,8.27601016550743,4.60070749088735,10.990433089664,7.36141951007006,9.02624619681451,7.802922525868,4.27588477190645,8.0047364715951,10.696813384559,8.02600812535776,4.11787298507819,11.329264019411,8.44694720571175,9.34282847957019,5.98067343983731,8.55947781943839,7.88105791623962,8.39438508161106,7.21681679094748,7.98774061289078,7.82777337116384,6.16474888002112,7.44933131781123,4.65575594698389,7.761532246986,4.48101026067319,9.52901020200973,8.02251083172482,10.0695743692982,7.22163796250008,8.96818793029833,5.97556845529622,10.2721835628755,10.4761207182118,8.57228695542027,6.67890092077529,8.40676023688876,5.99277065563498,9.12684035816777,3.96942813715359,7.03614686346271,5.89478146129187,10.8327784400029,3.42041230218542,"B"
8.29013767854214,5.47723730261362,6.15195206829023,6.42781863991263,7.61305039635507,5.7618921342398,8.25756991965909,6.01025130549565,11.0886618631981,8.95026352019445,7.47555114996029,9.96569921602127,5.63320669931213,6.77469625672898,8.64210378906188,9.43055410555902,4.71790677215529,10.399424571424,8.72381053867097,8.01452866344538,8.20753492704482,9.21425277525075,9.2495332239443,6.57282951052855,10.1676655626744,8.8109719535917,8.48361777993791,6.74235339410417,8.63372518922889,5.09316587405403,7.11854677520249,5.13961931530013,9.01761050306433,5.90639822130457,11.33403372,8.02508832004365,9.05965447303783,6.71236230852161,10.1360557699722,8.53281083293232,8.53814443432493,5.87539681199072,10.2231880396715,6.09914570164812,10.3426010945947,5.24292650529868,6.45157415757155,4.33814955508367,8.34452290165992,4.80565060894179,"B"
8.08775584748242,4.4034418313686,5.14680946397893,6.90700043341846,8.38669497464607,7.19251757232778,10.689804173283,5.96853658587978,10.8398522541883,8.37564093617444,9.7962062421465,10.7194854250006,4.97161907566006,8.25092521542859,10.5923207177188,10.4753305528763,5.74409416429659,8.05875417951947,10.9671127728619,10.1277114754511,8.03611210311991,8.9881890617011,7.53853460987014,8.48696646139325,7.08128124123184,8.15006923071298,9.99678723662261,5.23553199189737,7.6751724250156,4.87250845361829,7.09059475716538,5.51793417085903,7.65707315581535,5.99530218636368,10.1822349720304,5.87021608737336,9.20409882493957,6.14928470957168,11.1001913497106,8.41055464606488,7.88321242686571,6.75370450074801,9.57777166911527,4.9285733555451,9.46332278439658,4.53267904100524,8.11563287249458,5.05819390310422,8.65533573509658,7.02380907934286,"B"
10.0517743695023,5.79220327029965,4.67764621972229,5.74540394283682,9.60039085153952,9.52054052556181,10.3309631771735,7.17845107111843,10.0568586386834,9.28312824163221,6.56580359424825,10.6647579535916,5.47622500383412,9.60519993687242,9.84595158671165,11.2172176887777,4.05761716211834,9.83330084789711,8.77170351439092,9.2298298513806,9.07616509285103,8.54690833550966,9.29219984409422,7.92811265351099,6.30125110541131,8.81713026015283,9.38156498436545,7.4614512586786,8.84614518659475,5.30143324691391,8.30604638464421,6.77270190312607,11.4903140271096,5.97553513661093,9.90392371187265,5.86732695198271,10.0111540869811,8.13463716203154,7.52494679364058,8.01247792804891,6.90770195898572,7.80232908207764,9.60319700700029,5.23383565801493,9.84538227174782,6.47765753677916,7.9099167286694,3.08459861882123,6.32019529819765,5.9521999056367,"B"
8.2473344626743,5.28963671017735,5.84911102597985,5.43322701503398,9.68115495576682,7.96448976832396,10.8710677089481,4.40055590706691,10.3238780511803,9.09947415073341,8.13868617046254,9.85066038145275,3.68733608310325,7.96448012261555,8.1482290535988,10.1176895678927,7.01230583386028,9.73488659250457,7.13572244924676,9.91857055259843,8.30871146838733,6.89814764875628,9.78316600146163,9.13736609551798,7.98100645237754,8.40835391294468,10.7502679100779,4.64590361161427,8.0170413878429,4.52599097246365,7.3520198943707,4.8107727690398,8.33254429797663,7.22586732212718,9.14946756094622,9.15425339525903,9.04987339026342,6.76314358183758,9.71293302825051,9.1607072438062,8.19451154670786,6.26383273800037,7.57861189971003,6.391689732129,8.02287395042232,2.36068173787631,8.54031490896778,3.9388939308489,7.66452909727065,4.81105602351845,"B"
7.56032319556983,5.73893860376212,5.81761188082772,5.47588787451854,6.81639361177274,9.05389930142957,7.98375441778656,6.48686978417343,9.09533133240905,9.68208559689046,8.45146372704554,9.85395592530326,4.7646604427481,9.02941809044408,10.6406334908155,10.0883667144133,7.10307789384345,9.1232181713378,11.1675080021554,8.78592440701089,8.14900069811431,8.71738069867348,9.29658882310872,8.1050027212842,6.85466162562675,8.14261150713566,10.1948226511979,4.78214452457843,7.67447737126511,6.76714302264726,6.20310972500367,6.37212384045955,8.81037909139461,6.89557035747614,10.2694721116438,8.11538922679472,9.29582240039785,6.42241122142898,10.376353039496,7.30437925036813,6.97092400604761,7.5964072817625,10.0638046141549,5.50304119910663,8.86733577942574,5.97480532916829,7.82452403501746,4.66614087754327,7.82935156708618,5.8714622861453,"B"
8.71428850035465,5.31896040109765,6.94991439804388,6.61342083623624,6.6415427464368,7.93944702676526,11.2125791035104,4.31234450948635,9.34781615162988,10.4317761630975,9.21477412460034,8.55068089083722,5.23250476232888,7.59995708144785,9.26159618532522,9.79938291948411,5.15594108341033,10.5553635777436,8.89697272068333,6.27818383540053,7.00853124956126,7.42902569967221,8.23083282032987,8.92143417827883,9.41733819923783,7.89636098164043,8.60671647550898,7.43851940267339,7.11420586100585,5.91812267066852,5.16790697628879,5.05597919529568,9.2147426959368,6.0454815750296,7.7410009982366,4.96567932724446,9.2411837343582,7.36919359856644,8.95545030887298,8.84565640676716,7.72156851529978,6.58272667338871,9.1986796697402,6.32996123999811,8.02923252626946,5.81776808434093,9.23063734524262,4.45762837427819,6.49321613109921,4.13196370268075,"B"
7.96571485662307,6.076164353812,6.24279242062598,5.5088410078695,6.487329205279,8.95319151810195,11.2004946988219,5.85125343982246,9.73754536203905,7.99053528988833,6.67551887527079,10.82325484684,5.05144477520889,8.067243215326,8.07284115568626,9.50141644332503,5.03047924287318,10.4232580849315,10.4121026407836,7.98573818349481,9.07507482320872,9.29635860950479,8.32148357651563,10.5958362839456,7.61690203851509,8.70193263692871,8.94439173214199,8.6890046998286,7.66860296489619,5.96754136424008,8.10252683926924,5.39485930565941,8.11717510074549,5.43188915803158,11.1788204886598,6.87302531663813,9.64464037583645,6.42921315292839,9.37333822138575,8.43575587416563,5.13562259871579,9.1505657980453,12.0948279733413,6.81703942514278,10.0316279523537,2.84726237051229,8.2890912884379,3.92417017304611,8.4662004323063,6.10976658504046,"B"
8.97185494011208,4.71584227951175,5.88286615420374,5.45073018496046,6.7468951006308,7.58672250766601,11.0320683259354,4.92006291466117,9.0653371590943,7.7883517333769,6.86037222400096,8.03293444816177,6.19896602648013,10.0358078552811,8.65054545090876,11.0896675393773,5.59445125659102,8.64124283723042,9.28672309304694,8.17085492621217,5.97809778085448,9.24736127414807,9.22384177643311,7.79597361328918,7.4023739104251,9.04073413925934,11.9283622184536,7.39010727981053,7.98947810722962,4.25499273798851,5.54429022864301,7.31373110795953,6.58511229147509,7.91695605027152,10.9020909234075,7.49378669057347,11.9402463413253,7.46374278732729,10.5081446777875,7.1135249969588,7.30154069960842,6.53655546515143,10.2230026717045,6.30255113503491,10.0312434335878,5.14041500468243,8.26373983813229,6.29620570505391,8.95466640610495,5.17391887483246,"B"
8.63367849651928,4.22332472602024,4.86733262166284,5.64357882772452,9.9593570771456,8.07232725071183,10.7864102561772,4.33139666597492,10.8211612126342,10.0698697317309,9.67564857038408,10.9983558422476,3.38854300615344,8.64951880598128,9.24394569621643,10.9216307787619,5.20168103040239,8.50225677796957,8.92009712964493,9.85770889770664,7.80336247273644,8.86302160940736,10.5079660303132,7.33772883563316,7.47917939767348,8.04912982976762,9.51414381034777,7.10192418258703,9.4333550933214,4.16984402826936,6.79665471157065,7.73497736271466,9.0857028832897,8.77017692215883,10.6267246622646,6.77323599697155,7.25875588729556,5.10502179439784,8.64232591694603,8.64816285194523,7.33098407112185,5.64763797560461,9.84305865493429,5.84838002307974,8.52638228049226,5.35568798956311,7.63634355323901,4.46732214635629,7.05279364971087,5.98202776083625,"B"
7.88475161912885,4.40433950130822,6.63201472225277,5.73121512418223,8.00764587213277,7.35250844902571,12.1100735137793,5.87470358598477,8.37574082654006,9.7290711777089,8.39814620839921,10.7069827964102,5.57492214016629,9.27935153013371,8.92666431190799,10.3645535577786,6.04366953452656,7.11501196423256,9.21274164274754,8.76148987087444,7.02986830016184,8.28565923673174,9.99691136373851,9.0693471454954,7.04925915048507,9.754302674533,8.80112938258032,5.72829473396486,7.24558935701251,6.20351984526234,7.78006952178918,6.42843769145398,9.31921548817234,7.23586615546732,10.2509509693422,7.45201249199637,8.6430476353521,7.20376742947607,12.1843829101469,9.30424878045316,9.26907509146546,7.69194032249022,9.62645122587072,6.22973302342465,7.19550909304729,5.04553693297155,7.42532905064692,5.91155680680012,8.03856309020286,5.34411786435377,"B"
8.02444389598407,3.27402022085397,6.18752870296289,5.42946944289485,7.15738480241037,7.21423028742062,8.54619015318671,5.07371723133884,8.96959633051971,9.17399200323679,8.71551913504198,10.7648875848282,3.11786619871378,7.37180066279911,9.24401521138892,10.2951481547139,6.44145531872921,7.86037371614405,8.09694968798598,8.29675415328306,6.94880190443992,10.0654139328615,9.1164147592714,8.05181224412377,6.94313448753053,8.05221281811076,10.2972733670456,7.15223751238935,8.4961936225036,6.48784411480761,6.00405653345189,4.95116416330782,9.33270131226782,9.33076269996843,10.552648907462,6.31053089250645,9.14672463841073,6.9190227204719,10.3133532647628,7.6787060520376,7.51500427422616,7.88362787908322,9.42232249121398,7.09247865734865,8.87176382307136,5.42436635876486,8.91725063415589,6.08122188342978,7.16911769424359,4.8583723575584,"B"
10.1210233501027,4.09741552023631,6.89159761561658,5.05465922230604,7.39883989484765,7.93488394320057,9.41689615186935,5.02228823108491,8.738070688027,7.18592672386458,7.20680486447439,9.9837706716783,5.52139559545143,9.3503320233579,10.3523818200672,10.5299484181423,4.47327822707203,8.54327098211419,8.73220057352161,6.5478035645495,7.2355693377943,6.97968072913845,10.8701357864518,8.0488085957702,6.38089555486199,5.93369248906565,9.35164375468885,6.72033481906844,7.13203802421035,5.73886049534842,8.27362531739045,7.50029107042818,8.16055003031983,6.89705664541555,10.9507542535823,8.30270223034338,8.51184535426306,5.49033042658247,11.0964368540769,7.54276758971352,8.95647940201467,6.60842722736656,9.99161562387055,6.00288034192246,9.1332055374191,3.77928335638139,6.99105524257073,4.38821959184432,8.55717175466385,5.28551560315846,"B"
9.32443672029129,4.44093808509953,4.77641761181684,5.45263785509501,9.07445940641284,7.48053127264186,10.4097239825503,4.68964202280969,10.3921846258965,9.97642755938952,9.92385164716385,9.96884156886161,6.23015724952385,9.6725899763154,9.57003740548331,10.9687898025576,4.45526189688653,10.1733335744125,7.96983459292024,10.1479999922536,9.65095411657314,9.50602022922493,9.24756832093589,9.86805985828721,8.80703521442831,7.62937855045571,9.1589892472727,6.06455210829675,7.88844995170415,5.77334054074147,7.21446130642734,6.1235755729281,7.64408893054463,5.56764591928053,9.2855142465052,7.29284458583272,8.67861436028849,6.98849455742734,9.5366617644121,10.1474974628084,10.5485400861434,7.85190153090291,10.6163940203017,5.86742762444075,11.1829815601899,6.16386851590752,10.0355861688166,5.65254514636266,7.88789729122012,4.38466797342118,"B"
8.4315672455231,4.75348743266648,6.1738340986826,7.60060768055948,8.26059783509216,8.6909967815986,9.19301836458576,5.20469561530066,8.86856173834628,8.58512490559042,8.07043998631405,11.3519939600352,6.70217354549083,9.17272955744512,9.3401029753419,11.9086057367839,5.43600099923885,8.67981269655393,9.57268262199787,9.00206702197966,7.92582031572129,8.38779554389227,7.85722674189476,9.15854671960456,7.34875855721949,9.69308269356899,9.29224652590436,5.93029093174031,8.19947351107364,4.80506761042325,6.29160671105357,5.63988885333807,8.14981719775375,8.42778488759523,11.8917055526495,7.2990275967571,6.13257399564276,5.85039117767432,11.7020765992283,10.2125351504717,8.66508263227398,8.51638607899083,9.84265340986131,5.93210881207118,10.5689672455743,5.02193618784825,8.83645880536489,4.25019458412895,7.04236231205564,4.36185467675454,"B"
7.96557926482015,4.61641377156856,5.31061630279704,6.70111028463548,7.68572801982808,9.68817818348043,10.0855504408545,5.34929866267777,10.5441444840082,9.86839215365091,8.46928003631325,10.2750761757334,3.92038856086821,8.00617893659147,9.38611607872722,11.5027934477195,6.3112844608926,9.04167325847677,8.66633941804217,9.06093359369888,7.95033545302975,9.02626365772642,7.03166958947443,10.2960772841672,8.71262680166709,9.15030963071281,12.5568971920445,7.19479764733255,6.35453157272247,5.75481001666533,9.0628334026151,4.89736967184597,8.8405165298457,5.72045078749906,11.3953173166713,5.44296274326801,8.77476969877325,7.11639918258196,11.6327396348575,9.15858783604358,6.318643230084,6.02872186666365,9.97545907029546,6.30588454107208,9.92170891078844,3.39750856052199,7.04542307805383,4.3258725905655,7.53192673897734,5.33009705076106,"B"
6.52384244557745,8.9455851485632,6.74054569080996,10.4963205395865,8.42593858132087,6.62377098511362,9.28249563411442,7.29499339274301,6.17652331196638,8.70971591706727,9.62532892214289,8.49665144394148,10.1110596806148,10.0015908191392,8.61846924329599,10.5157055553589,9.24595802346448,4.75819584152469,6.75162096776225,8.55697760845603,8.48150467291036,7.04020106295457,5.19178700629499,10.8841990875161,5.69883940745864,13.2552026753934,11.3065892461876,7.1290687721689,12.0835807317931,8.59500094035321,8.71265733930147,11.3334791508752,8.6161609459902,5.7543527764875,7.98622204705557,7.92820268017515,8.51542823532598,8.67016105492604,5.81094906809608,6.47068357759682,9.99210315916823,10.6564514675074,5.28483251323872,10.3100414271034,12.0646663509438,8.42632698668763,9.95623522119423,10.3315896753236,10.3973177030988,9.59582407919761,"N"
6.22822764062099,8.02517328406971,6.11740270424346,12.2997078576593,9.3312004870847,5.26098290077712,7.00677634013446,8.8713440309755,7.5931487866,7.12075107065507,9.83409455511158,8.90858476794872,12.4106582569247,10.0137530533981,8.56190917324787,11.9190509089611,8.97963048110961,4.09532622461734,6.62577463060155,9.57506374946221,8.71835600969675,7.17306967385362,4.63926551219253,11.3668747725411,5.8051710089797,10.069553852644,8.62740732821148,6.77854986267144,10.5009273461996,9.73589691675991,8.7089339780817,11.3424363469053,8.72481335610877,5.94936392173107,7.01509421668789,9.61287969405129,7.65698022275101,11.0610544732942,4.94337076947872,7.72000054341171,10.8833709232998,10.8781850862133,4.54193613046429,8.26749902999523,11.8465992666458,10.1543194331095,9.48223455218112,11.4111717194416,13.0738657711449,10.8595863900296,"N"
4.88700016498854,7.48771426311951,7.09045701757499,9.90632418380876,8.54679557415207,5.76508629349157,7.51823764893468,8.36913396694597,7.61510271370524,7.91783138672788,9.0217763797243,7.48037888763855,9.38404841045646,9.50609897372076,8.34937271364483,9.82044749537169,6.29633424937034,4.6412990349438,5.28907228218744,8.85141705452788,9.00568584236018,7.3459957142228,6.42584007203666,10.3468966635807,4.89396730273323,9.30861677528602,10.3719131352925,5.69903205094958,12.8507568545095,8.82560116399642,9.45260699601502,10.8487411765832,10.9523999196151,7.59389202770796,7.72648066031384,9.17258260131769,9.22840869963471,8.4652350658666,5.63005227527692,5.91563973841745,10.1893179788463,9.23999227006138,5.18058872335967,8.68973113004683,9.2969064562107,10.2691323238552,10.8246458371667,8.82149994051712,11.9582012372166,9.17831872226591,"N"
6.52308067010777,7.60417851219825,6.87723508664697,9.75738622915642,8.36985312748326,5.85411272280692,10.2741370727583,6.83860021572656,7.46855238415978,7.26186895622514,7.74526070376601,10.0058045138312,10.8747364324895,9.23126621473711,8.68460070247817,10.9751573946074,8.54622995215014,5.94955744652299,5.79180631525041,8.19791950702799,9.91671675750278,6.96108650100608,7.01324653672797,9.72355731236421,8.27752643050683,9.91835672055114,7.51861664841471,6.1380363228794,12.6539528573909,9.22241862835475,8.79676107049165,11.4489816259654,11.2253190748256,5.2071669000371,8.85960576081817,8.6351614582294,9.04086158816809,9.89955488808412,6.40179932022701,7.07756594365236,11.4370929905041,9.90974294376952,6.06889048990062,7.32427230972974,11.9139495869967,9.76901069779742,10.4037605898793,11.5945273976055,11.1132363709399,9.76850052341248,"N"
6.95038254163115,8.240148433703,6.34103518108726,10.0397256868582,9.07708476415042,6.02017736248924,9.12482640738982,5.82163979907518,5.69941846472049,9.7266331727564,9.6335113957236,8.90734130473928,10.5340430283432,7.83164096243017,7.808957072901,11.2662294715801,8.47241044794237,6.49385117935408,6.27769151657144,9.0345253075291,7.92820913367619,5.73701748337347,7.3324388298799,10.5774524547889,5.4241812449923,12.0341620056672,8.40243613912997,5.30899838976393,9.94238170553692,9.41946188407668,7.73310606569416,11.0739516223052,10.3198450716894,8.13868439390062,7.40745798190936,7.66502651758896,7.73927640373955,10.6049679825896,6.08897245892587,7.80894078848816,10.5681139460645,10.8343476473616,4.55559145778646,7.63891858549586,10.6022701838282,10.5481702468868,10.5440766595682,11.515782399109,12.573850570932,10.7468265585101,"N"
6.23064549370858,8.73528317483401,7.94154251795385,10.7037723115158,10.5012821662218,6.30692642707747,9.71626675944743,8.23066093557375,6.74733286936022,6.86809304773772,8.25277627102009,6.60066209851225,8.94773775601055,9.98321851963881,8.64731575196638,10.3816175036521,9.14505518127503,6.34477933564207,5.3423016792758,8.9990128569978,9.34484164779217,6.95884068761566,6.33060558763177,11.9667166092472,6.44690544385345,10.2831725122833,9.79819379077153,7.36588873443121,10.978178718213,8.95739763235349,9.8599324337653,10.8253776735981,9.43764554929634,7.18149518311103,8.59954476296425,8.05655796612342,9.02726326524452,7.18932550118709,6.60659118205902,7.56306625038115,11.1630864161869,9.80758090494036,6.61871451184613,8.09356329691149,9.8227802684655,10.352102476062,10.6585056995579,9.78264587976281,12.0550621560857,10.2983078565874,"N"
5.42590448786685,8.14926151108564,6.22698484936248,11.7038222155422,7.16323467154576,5.16002334897435,8.16962655985868,7.31034762308763,7.96569198474415,7.89823840496277,10.2062673202696,8.75246692581527,9.45989151848157,10.2800884357159,6.91063762856733,10.864129290683,9.48666781912809,5.18130698858318,7.50518302191712,9.89543999066666,10.0478670024237,6.25040909803072,6.15962582302579,11.0477347232801,4.76369184424979,11.0984715139987,10.3688197965142,8.29734975355258,11.6829235615427,11.1356708357795,7.09225619334796,12.8907768332889,9.67541517494458,6.89817682762235,7.83524897698843,8.78529751847986,8.46208493547932,7.15719227854898,6.47523895707912,8.09517506351324,8.90413223426921,12.5846515573913,5.90733241537167,9.00212432297929,10.5388296260611,10.0127623541619,10.8480818127163,10.3292181278587,12.5589541541692,10.4389955195901,"N"
4.42875157420639,9.21914339056845,6.71073819802008,11.4289623633187,8.75718637985914,6.52871757830282,7.41880544521613,8.44994598897141,6.7889054724752,5.34960116432211,9.31739417364719,8.27973661196648,9.22607351267179,8.23031834257414,7.54733171608644,12.8865788065884,8.56311071882984,6.7840062568544,6.46676140250705,8.89715837965473,9.95490754357874,6.200352736029,6.36866103988615,10.3900640272101,7.65269763742805,11.3435365472313,9.63513537775899,6.34761770286049,9.86770615489567,10.1976442871516,7.61495476759304,8.71195857988307,8.91710068309532,7.82515827814881,7.25716410463808,7.56548169549975,8.93283687964563,10.7434494362217,6.03981439686892,8.00404868504828,9.94937680979422,10.647637141014,5.7207970955411,6.57608759593725,10.2063846305048,8.72938170594244,9.95456690290377,13.0655493205727,11.0550659299945,10.5187611839105,"N"
7.20387555561741,8.10151841536008,7.16204978451762,9.86470950600502,8.08067358103265,6.82038807371767,7.34244829122735,8.93344548257242,5.60790706143226,7.68132591860196,10.7316693539111,7.78675186964128,10.6632418034923,10.7855038176048,8.70094525585942,10.3754373777755,11.5224519596428,6.775572580096,6.33461842830343,10.2399718243117,10.0580617253818,9.44988862019555,7.61590409737078,10.1669424805135,4.72623617713972,12.4421174650268,8.77594546744166,7.16568295190903,11.3192373527879,9.39595129272873,8.99918034997853,11.4154624207406,9.61867502646905,6.55154687857908,9.06834832367153,7.9211068860865,8.98969910948548,9.5465460007768,5.06930895280678,7.33841484004705,10.2122947364827,13.7063579934542,5.02646612735865,8.75028208012358,10.2878912092524,8.38409433529866,9.44753328185874,10.5281511456681,10.7736964800105,9.51194917444926,"N"
6.63840388216807,7.341735874345,7.16107330224659,9.72057733414147,9.72129909126128,6.23533790865234,9.8761598691277,6.88689427152349,8.9782601886062,8.00158830811522,9.19125535907397,8.58547170142975,10.5231733280581,9.28943765765138,8.06619409332361,9.43314686951444,8.55609661908827,7.44132742527124,6.00953986442681,8.19337623849605,6.83580575835388,6.21968087736134,5.83310011516527,10.0338032284943,5.85269476245185,11.095131065616,8.46705041650355,7.12799644639771,8.60689421898453,9.14132744436264,8.71772029628432,11.519678630834,9.48489415895672,7.20561979652222,6.05952834611398,9.637873669266,7.28920150739551,7.96217160765046,6.93872091446899,6.13766127406226,10.147874657511,10.0820501058738,5.78164770842378,7.76144369328009,10.1997059429541,10.3491367781801,10.8568074856989,11.154257732828,10.8957298021432,10.3372403977548,"N"
4.90785166384458,8.86158618617972,5.65268469949691,11.0973405322582,7.78568966796372,7.31153941441471,7.32579375364849,7.92710329218842,6.3963138401344,8.18749734006867,8.47905166751931,7.71275583739991,13.112262003738,8.18179974782519,9.1585205239135,10.5912236447952,9.32883507943884,5.99274395267095,6.22707165168574,8.56846412714939,9.41880041767993,7.77148580635749,6.85765503925081,11.5429526896646,5.51526564656153,11.222524607088,6.55200273635353,7.33874316234339,11.1886539720669,9.69157589678156,8.84425063377514,11.1372159941812,9.06476292629169,7.0513495113719,9.97399947013345,6.57480814582452,9.18052709450505,10.4997828168791,5.4825915869453,7.34454087236742,9.17771768132048,12.1188715952779,5.76229738418858,7.04660061217159,10.9059768037357,9.83180631761198,10.0788937479736,8.5507780800485,12.0313960720884,10.8842553536785,"N"
5.4106261222625,10.2567034952193,7.51773535163897,10.3706089076718,9.8258559909965,1.92477475035621,9.61789651345488,8.23735796098166,6.12106100429345,6.87896250354836,7.67564440899566,8.13343798281398,11.9036326660922,8.94697220740222,8.01358842952342,10.887801493626,8.27760079998636,7.12543326940664,5.97988683073494,8.03787493842611,8.53335876408045,5.91438674669615,7.02592474779386,11.1023283925665,6.27389212089288,10.5000302829263,8.92357662246959,6.73308341318607,11.6670036852714,8.5092918488927,9.38926738102542,8.53659421740285,10.0867212835456,8.63906382400264,8.01052307710003,7.27766605401636,9.53354559304308,8.66014133869127,5.62261254383458,6.57421282163681,8.80136817571855,11.7442813913286,6.36511054527129,8.01196621228331,11.0570912274029,10.5862385376693,9.56924780844348,11.1950685456849,10.5357239376937,11.1509952924919,"N"
4.51057400219168,8.46004360774211,8.21843391258848,12.4547289087471,7.78691000788108,6.84250892389976,8.38978026377837,9.34511988785529,7.37078537603656,4.66991578768444,8.23633464503977,7.96219254613605,10.1374053101159,8.42738302171047,7.00880340115876,11.6000960278863,8.34651427022613,6.92320147134047,6.38325225497764,10.5177792389413,9.16635373664475,6.89209428885816,4.60582920835859,11.1663459690467,4.6498326564571,11.5881623042273,9.10924242365322,7.14813515390088,10.4659811393682,8.64109664090769,9.45717285200139,10.6144827751077,9.88499514912699,8.27310421981306,7.44772738741799,10.5880143602524,9.54085421963556,9.31553107437069,7.27492426415966,8.39280996021027,11.4858632592994,11.6368200603439,4.19075648532238,7.22964704800474,10.9779132938399,10.2392878645539,11.6155040830279,11.2431591077961,10.6331361693155,11.0450205199487,"N"
4.41329635577397,8.50722113473257,7.03767945843262,11.9055895795639,8.86698709577334,6.94640199349838,9.46380172505129,8.78085853655064,6.58222037008226,7.31945293345183,9.07256284922538,7.70975596654707,9.11195826599555,6.83415213633933,8.82275235961738,12.3996701774293,9.76068817176448,7.3418676346055,5.56277541841925,9.24570261323707,9.94153895884355,5.61886635943078,7.88096712446188,12.4067334216219,6.79581387321478,11.5812151728867,9.34761994972533,8.25659138475692,8.75966962914104,8.77244909142019,8.24077872038225,9.59761404531246,10.6854353450469,7.74651412210524,8.53636646043706,8.38582749674185,9.45300258796624,12.5398808651804,6.79270102723507,7.96418780956442,10.1134844705553,10.3473900840686,5.93992174456308,8.55971228286115,10.5123926496147,7.36653046451046,8.96371711987381,11.7274286937319,9.63089963152421,8.74347441657875,"N"
5.79555660570024,10.0499916465243,6.85694928304455,10.3758044513254,8.91389931482923,7.19806330028211,7.84340664995911,9.04143243691108,7.05806856708679,6.78788609552899,9.71786622141809,9.9470714954887,9.01011101393172,10.1986539402472,6.48691618445051,12.1106566903487,9.23587802644966,6.49874487380816,7.07023078508462,9.66699116278948,8.13382964823149,7.56384263609954,4.8126941181873,10.5301889952697,5.65832708767448,11.6293431240546,11.2798016005369,6.35371801356464,10.779366454282,8.23330716762953,9.3141294524242,11.5395338196909,10.361408254038,6.94469199367496,7.85526702488004,7.92633343710976,8.95364722575558,9.37010814957795,5.58242709336765,7.57376665044928,10.9595525214911,10.4633235035875,4.95567402759261,8.10174952692376,8.77072055408367,8.44164648423951,8.81751119662841,11.815191395946,10.4675250878101,10.5507499059801,"N"
5.83451486782546,9.89445069318435,6.59884062238494,11.2897646645622,9.89574363416038,5.43330013999562,10.4275406907605,8.4272575645925,6.86919680287818,5.38317152346544,9.15365223031471,8.67349756178428,11.8858764478091,10.7626937971479,8.09297811555957,11.10669374067,9.09820180955136,4.9031940125051,7.66990170017411,9.32239336699021,7.40918930530141,7.02959976505718,6.0348509251608,10.4907317331669,3.76918257337165,11.8116189631284,8.32139689906022,7.18047242304207,10.9775570585926,8.99830908469748,7.58937156799456,11.8614897412653,10.813901380566,8.14610200090031,7.89664453894842,7.95756197300596,8.42573365408986,10.6678879472975,4.15013345204835,8.04629521230668,10.6052378290148,10.2546725194507,6.36699414553492,8.22024423849061,11.0108726138288,12.3465548932315,10.1561213448434,9.4772618998965,11.2917585405036,9.42078781825362,"N"
6.01121362416902,9.43308401185652,5.99807460046053,12.3222080401138,8.68720172771296,4.35668976852783,9.19944788694725,7.36897566466382,7.76765497333216,8.03120867390854,10.4680704416072,8.20217003638103,8.81869958363041,9.98254365452852,8.10898133519941,12.6766130348315,8.52134543634365,7.14843825765239,4.67907476200248,8.9143659975006,9.51382418848034,7.4822727249139,6.79582294698608,12.4704399299451,4.7575578593578,12.4636100685568,8.49261626551734,7.23189290172122,9.45758186131658,7.21329887666408,9.97229634840752,11.6332814708457,10.8229224978439,5.90496855336173,7.32959468749846,8.42617079142076,7.70187935625894,7.6447397239217,6.36148312911489,8.36633838681778,10.9747117551231,11.0216749045223,6.08287789877081,7.75823784926149,12.5570094657735,10.0392686987057,9.67365205619409,11.9659301198704,10.4847330377655,8.81609813579419,"N"
7.51059897982476,9.07718947231949,8.08752064986113,10.0033570446455,10.8584736759369,5.6378771535323,11.3738886926756,6.90702178929315,7.03740882306753,8.25408044399714,9.20354251400173,8.62485213889003,9.63448132751005,8.63683745216249,6.75710633698432,12.383752290724,10.2835422760971,7.98040121636064,6.15929371056184,7.78631515823789,7.86220490813404,7.38813590916024,5.28823116648815,12.046456428219,6.64342633633582,8.99942367873729,8.62217041131536,6.29001372725011,10.3158711878655,7.7485042384248,9.68003478910063,10.2989329730643,8.78813570586569,6.9870730293672,8.39279168747866,5.73755055913477,8.93292418045085,10.3340254593353,5.21527068135384,6.65937181661541,10.639162949451,13.0724448790309,6.20350756940107,8.13387905726841,13.25396851447,8.40883084786122,9.80360186287545,11.0713168274426,9.68378892128412,9.9815122576701,"N"
6.2590909422587,9.82174780740491,8.10125621709331,10.2196744149781,8.9564732149845,6.8292457874665,8.79479431194608,8.18009868619744,6.40065729176266,7.70879942950749,6.87305449335064,8.48177587295506,9.70228761766642,10.4774266103247,8.29938350724795,8.7406169814978,8.02695001102666,5.78976958378712,6.41329946837808,8.50702778286817,9.2414345227579,6.82002538700817,4.28071045529531,10.5075378034838,4.29160304354316,12.2782335531298,9.97909237102426,8.2317128444219,11.688849614729,10.1234624462548,8.79910564449151,10.6050982529463,8.39913093138212,7.51067374463904,7.46748051951659,9.00087609501678,9.48009731162095,8.71305587750837,7.62750156349565,9.30184115621989,9.77784745610047,10.2331939580839,6.89923968691711,8.70651194078076,11.1502075304241,9.28363340301931,8.90053279918182,12.1129235349991,11.2902119829576,10.101838855897,"N"
6.43739029687007,9.96661446850625,7.81551876728112,10.8757604351621,7.2955390439886,5.46120947430444,8.11353021060112,7.70395673015664,6.93157589775503,9.04044009368312,7.46198558799589,7.80160841056403,8.39766438022474,7.0364746307459,8.09317343484143,10.5388460711456,8.6819396144457,4.88493848885817,5.92837105500311,9.94437713134986,8.4532185056535,7.94018938662066,6.48166657261555,10.4839344814204,6.28602387890997,10.2996263335547,7.35122241278044,7.43537871442655,11.8486028025202,9.23786265342375,9.8888140591956,10.0690570252365,10.4077637067843,3.85834931756049,7.70272167294063,8.06293226180756,8.79547695958039,8.37800763667892,5.05610530990866,7.03405397297605,10.3090216334241,11.9378005045791,5.5359919889006,10.3149550929075,12.1662838559732,10.3897614184974,8.71796508631436,11.3561659798323,11.4319967092003,9.59809698124574,"N"
7.19217020423785,8.72033270248244,7.16882258275583,7.17159762781708,6.57463494734581,10.4371059393776,6.96044811035224,6.92959646919641,4.41907876781612,8.85285725304376,10.0350420707443,4.90594607819937,5.47480748700574,3.64943443402722,5.04273091645272,4.03183351465615,9.51331929946494,5.12682102977339,6.81058588153899,5.44354095191205,10.5002394287148,11.1501025034409,7.14423279582098,8.12995923380348,5.4218761169848,7.32054529580356,5.65455041543553,6.78431193600697,5.05282364639666,5.74543452251289,6.67716483600224,10.816532580287,10.4884267339257,4.87118781950085,8.15622247538879,3.60488988724696,9.18867868526443,9.08358552709201,10.2501292314394,7.66581912779545,4.66417040400144,8.40707095680766,8.57355606506977,9.43024085355366,10.093441330738,8.08010331404075,5.42695422764473,5.9496541124979,9.0618217510031,8.76351931321664,"V"
8.32824660600347,8.37809480439794,8.46963319827135,7.96168749007238,8.43565547861694,10.176413500407,8.47126421047126,9.29859546963171,4.13702820532488,9.44712367230455,7.84295179105567,3.51030557163165,5.36655094162109,5.20125122622553,5.24536514728556,4.80830064311816,9.7144601723935,6.07456593034502,7.05797616347377,3.93232089672845,10.4357405975348,10.003437957562,8.86428140313246,11.9525748343286,6.14828402594353,7.30032357583128,5.27385562739471,5.43677849331672,5.95253391962898,4.62693825685304,6.0977717596585,10.8103410702497,10.4167806561429,6.62522945229592,8.825696061941,6.81252194149626,9.77382944307693,6.5571021742711,10.3417705328592,8.18355429875688,5.08089356192864,8.40383980540075,7.89221611288232,9.67227475935799,9.00915620862322,7.86152361526993,6.71134215473162,5.51531975608807,11.0567748700849,7.95564243993821,"V"
8.46193656285815,6.88207946027293,8.14029619451636,6.63364057272507,9.38228453984899,9.61940832448562,8.01171670504488,7.16149932787153,5.4601440839192,10.0175903138364,8.56219727131845,3.99298459161778,3.69023984264292,3.18664907966081,4.4711344695147,5.03234893141448,9.08842215325612,4.23002051198357,4.09773529477111,5.7678836428511,9.22447931444971,12.5272105746951,6.92495717974964,10.9175436442272,8.15076470675544,6.45260741566854,4.63370858653931,8.34614680642946,6.46030298936891,4.56869733459909,4.77234857966843,9.90108501095851,11.8793785162064,5.8221340424961,9.21016447453584,6.94815723645423,8.41462368881098,8.44290137974373,10.4827504632714,6.23252221962743,6.01272033350746,11.0424552889557,5.96588006872386,10.8583101020932,10.1842369333954,9.09920817512009,6.23989505284961,5.99258143748976,9.47081666722897,7.59659454196557,"V"
8.66044571508308,7.80171635831039,8.20407210803387,8.46598958732296,7.0677616693493,10.5785026317026,5.4736606016128,7.34496312802178,5.44916747240179,11.6790746511834,10.3392403242915,3.83047713138673,4.31868015545487,4.04585475934786,4.98907583254395,4.58419648566468,6.706400880489,4.01575396844566,4.05314528111853,6.07894472477685,9.99007648687127,10.6115845293988,9.55523721391462,8.35285585721042,6.41924764500188,6.97759109159559,6.10943515822881,6.78077455876796,5.64255820788314,6.04877335158964,5.36034669666268,8.95814792974177,9.05792154337926,5.58886872221557,6.79877941394232,3.76036356576162,10.5705284226947,7.98625081975564,9.93704773446501,7.27090437374767,5.43212247944073,9.60987122198816,7.71205434508876,10.6772624062997,11.4791991714334,10.14991507654,5.44667549101409,5.27045105961738,10.3492329829404,7.95632640221131,"V"
6.23740500585989,8.36934898235959,7.58230336922952,7.46552870312298,6.77799495152971,8.87570374804232,6.65289263659854,9.4324293514663,3.51774684930608,11.0102650649773,8.02064702466376,6.34276459310954,6.23287860654448,3.67678831681875,4.63714628893071,6.04468924334678,7.06865574790321,6.7314412879211,4.97283852473027,4.13706761977204,8.59752540687376,9.54124199586125,7.79504859345338,8.99042849070173,6.10193368247622,8.61893081090108,6.36065177515987,5.50547310814486,6.06816391185171,6.60885090297388,3.77909917915582,11.1662999369775,10.4614799259021,4.22938912630574,8.00821767793527,5.47480201022469,10.1591877646712,6.81619532792203,10.0900730440054,7.10674022072302,3.8926306030185,11.1815188928243,6.62084531603741,9.30601921477791,9.93185942414756,11.1264127564892,3.97109715570371,7.33656221503412,10.9599455806064,7.42971745510587,"V"
6.67491577943417,7.59814485809289,8.297983234854,7.0242755103347,8.32644518201411,9.81149543295922,6.63111970460089,7.64409682003589,4.91170485524824,11.4940558188243,8.06866061120033,6.87221515594815,3.68341093472265,3.29989555894104,6.15866320261774,2.04153392877138,7.64396831871485,4.54117602869156,4.47873365599192,4.76930090208235,10.1663702313604,9.08278833576508,9.80435293360758,8.09070617540806,6.05350498758887,6.19186006688276,6.03172908993404,4.60380346912896,4.32308375678587,6.42835943274761,5.90884009606993,10.6695321616453,10.8275492975723,4.97197592806044,8.7628760480438,4.4886564957082,9.08725029072419,9.01105811651859,8.53845801323437,8.2979893185872,6.91142724402953,9.63008564516528,6.98354889335787,9.06215076414375,9.31156602838387,11.2493662901757,6.79733971574957,4.72095910076257,9.4495566616595,6.35891362109057,"V"
7.16972023421196,8.2371881492085,7.34916013559276,8.50847736213517,6.97399480243282,10.2958658857181,6.77228649148277,8.34840087665768,3.48602483196082,9.22153841661564,8.6384946662239,6.94493483561772,5.47596732823415,3.86513699937108,5.75324936574444,4.46909769194321,8.60431066550811,4.78292788370536,5.8913229130752,5.12416370229144,10.0583899940821,10.4732755191161,8.63165640639643,7.28946446208997,5.26301679393554,7.11030159844925,6.16257171207676,5.26739595886836,6.5535167950673,4.63042839409655,3.47205667424064,10.527841295204,9.72247379486401,4.47396149368138,7.49981893678645,6.3965785487346,8.89733838336986,9.41596537193453,10.297060481472,6.39582067224907,4.47697217336722,10.70844313155,9.77261469085756,8.81847541064032,12.0041713085511,8.83411358237701,6.12635464764286,6.61783388431048,9.11877641401269,7.0634610537511,"V"
7.0284280006178,9.29777486843986,7.17722718579916,6.64838971570439,8.28202072231086,9.02711913788396,7.1355903676594,8.50193686377428,4.91554086282927,11.2285973285209,8.2603064232486,4.62146830765249,3.11329022010694,4.81233857620684,4.74590770219024,3.77280410060188,7.74914535201148,5.67400733809685,4.25421546578225,5.59047674005752,13.293274608744,12.9691242996474,7.36207235586024,9.65675815649264,6.05416054583881,7.38493262157207,6.49797396153618,6.83483420004209,4.72725346363637,5.11781057685439,4.96504640188516,9.94330546913381,10.3763191900513,5.08626284760311,8.32149504805901,5.4329490192006,9.70163051288239,7.95070303159509,8.57106173073228,5.39203150487895,3.18667032185479,10.2988461599312,9.08599740324436,9.11234225708008,8.86774317837953,11.5435194067795,5.88692350445444,6.0470447403075,11.4750354735118,7.9038835551626,"V"
7.1280926260167,7.4106369974299,7.04110150300242,10.2036569804441,8.43249427171803,10.8459951205501,6.32584727017481,8.2254109645216,4.92189849112419,11.4450848950217,8.824420941532,5.90106529835711,4.67418617106459,5.72176882165759,3.79267278291191,5.49447872003142,8.06953384981811,5.83190056605759,4.20133828039883,3.49985465751614,10.2800885267392,9.81583546751977,6.44502568315438,10.2648696021368,7.13355110959687,5.96426288974382,5.7332921901162,4.57770140021944,4.55371610024353,6.40119527393093,2.5472432153958,11.064960613461,11.9018382643021,2.61297396767544,7.56881635425463,5.08509932095523,10.546981466882,9.32990025497183,8.81815709641194,7.24870630309559,6.35783161564782,12.5306239120372,7.49661577915452,10.8408261067128,11.471497452427,9.48024130134961,5.72298652911408,6.64554952510588,10.6455255973599,5.78567170070579,"V"
9.00200281476844,8.25444946872685,8.76636018411178,7.53338017451915,8.41920306286271,12.4630153520167,5.601956353472,8.47106077997422,5.67626808802982,9.68883112664105,8.44612009900351,4.02335650442675,4.03976554304911,5.44531119371755,5.61280452107954,5.73088004356969,9.76990787966618,6.27814405453311,7.53003893805212,7.1091517901386,9.21709775311417,8.88401762308206,7.3790914697652,11.2665216861742,5.85958702532482,6.47860228336169,4.76671455139967,6.02591010520063,5.14599802750043,5.3816218145062,5.88058922752771,9.55315695861098,8.82692550098664,4.61293569405383,7.4364604449092,4.9568214357594,10.3947386042275,7.11229598057283,8.60532937235512,6.83346281768046,4.28562378676531,9.10512294079344,7.96589628465059,9.53168616486916,10.7999331262488,10.8667737182363,6.08565131295632,6.75592138691909,8.47467197312983,7.39760926301412,"V"
6.2398337976338,9.13313003646784,8.28444696854354,10.4821691780389,8.37144942742282,9.8295769723133,7.15494098783878,7.00624194062808,5.20361499103844,9.96533791247896,8.69014309217103,4.38606974756525,5.13724976098585,4.59152616362156,4.54045350457519,5.26818981396698,8.09238330743002,7.00128362154055,2.79717098284115,4.53456085459685,8.41401419383345,10.2003046078384,8.65046340155861,8.18799884109693,5.5500921448748,6.36051717683252,5.38450678827706,6.02007910361528,4.49127770254114,5.79711739829767,5.91898275755235,8.97306832560158,9.90043870431083,5.5775024395105,9.99623193647765,6.38486957669853,9.95302082402144,8.50372563575565,11.2190856930344,5.61128628562062,4.45603926554524,10.3925302721748,8.36260897634004,9.38787928230389,9.56311255169268,10.6317654683168,5.58223870588087,5.33888182017612,11.140813497852,5.32985254114199,"V"
7.12820598308425,9.31350423722153,8.68593740646305,6.24437687525564,8.55248904574417,10.5191291978261,7.16239961611923,7.91049306063117,4.2771305933817,10.6416252976285,9.34528639836835,5.27607688179905,4.04624759088047,4.98085450635554,4.51002633038982,4.05072834829202,8.51254751462173,6.50567655432604,7.60640502140354,6.34605875149125,8.6158764310821,10.5639103150294,7.04564125887302,9.86496656424569,5.90793262783382,6.88075201686844,4.84205436629133,6.78893141390218,4.70159186761628,6.71910767467158,3.64650094186437,9.7551534653883,8.41785847976188,4.85926538981664,8.69319516631695,4.86242901635523,10.7000310011492,8.44593371357645,10.2962829075546,5.75044786847382,4.74708912947955,8.7228442052126,7.65301390584067,9.95971882138615,7.99775290660646,10.0024956779922,4.41660637711738,8.98461656697622,9.36850369800169,6.89828592701101,"V"
7.28642472524796,7.43642575913104,8.10244479202019,8.6356851261384,7.23521720662348,11.7880553444185,8.20676106185252,8.4944347213978,5.71327715466286,10.9658265344052,8.99483572277782,4.4277694653325,4.57524369592983,3.70126529936873,3.33780683233195,6.5330316109327,9.86722317210056,5.50328164840557,4.66212181179296,5.98003819914198,11.3295591296672,8.77292817134461,8.54204377677918,8.27291969550021,6.42858667874375,6.26626616512157,8.1415206459175,6.28600356712398,6.65971875637334,5.13706011037094,5.34085424061903,12.3438041609565,9.47326454755801,4.7390190072172,7.71980922517379,5.72607298940303,11.4025263512155,9.39630407737706,10.943567967021,8.70899433972355,3.89073069642458,9.47732000172401,8.02699711391691,11.6057614988065,10.7826155227329,11.2289155544868,4.98051476020476,5.46740725458827,11.211408491869,9.08867562350211,"V"
7.24330004139493,7.08935328132911,10.3212806597895,7.35654413305356,8.66098536468806,10.4820641871157,8.46263954288162,7.5013707886059,6.3684796254043,10.5424182440225,8.20581021145381,6.50940601246382,5.32129447149399,6.53951984883242,6.03738702452377,3.57975669971781,6.64651845380275,4.27966746815951,5.31525165342434,3.7843279535608,9.39096532225075,8.00418964584914,7.75413642712754,7.86718491250278,5.86266015426174,6.89286364114632,6.25394679255621,4.30662980762662,4.46751577166395,4.85678750222307,5.20874685378113,10.7872304589528,10.070879889107,3.32651133164778,8.94599257026745,4.99128794424331,10.4481355942814,9.37615147584863,9.40417096788689,7.93824120748247,6.1573781079952,8.23077407823446,8.59919507080311,8.80393383182985,8.03359319412047,10.7596740001404,5.14001411415024,5.02005313506691,11.3511007945318,6.61531011326043,"V"
6.99917131246627,8.70553260900962,9.09244504703047,6.77539238404757,6.9312978943987,9.61089965565904,6.90772526493596,9.80969189206454,4.01648911580883,9.71359884341935,8.48066462400984,4.87300009692541,5.47248987847508,3.44500485191393,5.69654594077887,5.62759318564693,7.98516519842744,6.27739857537988,4.33944879264301,3.55440478780058,11.0891075503187,9.87108658044403,7.9767431036526,9.99824541072154,5.9844273612592,7.5795015276114,3.84324978964375,8.08396138772326,5.60699216698075,5.31351525253136,6.32379011985367,8.24194594236494,11.7593075438978,4.79514550899473,8.59519191626236,5.85432383187925,10.7463986830481,8.23123272284329,9.87001497320982,7.65766177177095,5.79725016039685,10.0448973010457,8.54393361695734,9.21667430849327,9.26874465763809,9.30114081571365,4.53330499580315,5.51115447303185,10.0442088591929,7.34898069162504,"V"
6.91404965869178,6.90623262119022,7.68923366894178,7.83284646183558,7.3755827813493,10.7094537282929,7.55588831952739,7.78163683663444,5.24957828826642,10.3358635038899,8.18444079091793,6.03737038275753,4.86119318818483,4.62287804410689,5.42231668240142,4.5479807709859,7.26135743551974,5.31587473516369,6.40828422422736,4.62621658157,9.86061716771987,9.29932540054836,7.64707791965585,9.57997401921741,5.84772189185626,7.25375026970893,6.56158000506534,6.74312431079508,4.82406172978689,4.04443132081815,3.21644549021824,11.0081613698367,9.76060944917157,4.92216927729353,7.46015163848953,7.10100320804636,9.26490428321319,8.51187160890249,8.44541856691789,6.34946173497206,3.51311282225066,9.19274102352482,8.71407603747419,8.15720865092741,10.5654800800732,9.64594062492359,6.7495619194938,6.7342983406489,10.6141542093433,7.88697743440553,"V"
6.29819986602141,6.4513294690465,9.96639345225,6.56602821660511,8.15399700209095,9.55385953619024,7.33425589239041,7.28368610355698,5.68847826670664,10.9303751248744,9.93688357143719,4.25404174878655,5.20190438450602,6.41475375533477,3.44260575409898,4.33798887569652,8.89947405591494,4.70968571835421,6.68059466022431,6.36303262135848,10.8953071174813,11.2497014396703,8.74999355517923,8.59609962731101,6.42472799479831,7.26809521401588,6.18249585203364,7.33009147761272,6.08783100857081,7.51543737204365,4.18567689529748,11.8223148475865,10.2855047497503,4.47799239816946,6.18287880495103,4.48430437690235,9.11590839982048,8.4467888071121,8.97306167972725,6.43260781949577,5.50690432010682,10.3669224168924,9.49191415934864,9.84800492354048,11.4825592415862,8.88111473446803,5.10729468382469,6.68087219202798,11.1453333253948,6.78742418455976,"V"
7.8451834049819,9.49272985014465,9.72635127256743,8.26168992846168,8.92262409580797,8.68840071531858,6.75817157545174,7.05948995467879,5.5901060652111,8.82372201837969,9.2919089492747,5.54265393093427,3.73857067063765,5.39341679323379,4.6557690458456,5.33625710195212,8.11243761901065,4.50966803849881,5.9766688626315,4.7468110201608,9.04564687689182,8.52807656313085,9.11830523856513,9.82714278343812,6.88850597051334,6.44597872675852,5.84694913640724,6.75865210513067,5.49442203940709,7.08367886026331,6.02004992163914,8.88878651270798,7.79412234531696,5.90142998265819,7.6091792469343,4.29780508725839,9.83152450298145,7.58343029599584,9.6681490998138,5.66856009459818,3.57413617520844,11.3784004264792,9.46123773992782,9.89059254039776,10.1354478178886,9.67725428219389,3.69480588209822,7.80404504565782,11.1106879596815,6.88822673821442,"V"
6.30074807096608,7.63820816887172,9.19554788774927,6.57979740224965,8.81920777660234,9.70552921022254,7.75498974370581,7.91301033911114,5.39325060238611,9.09564219701536,9.78835892722703,5.79881404624042,4.77456944657869,5.93650182509587,6.31487990566676,5.35214483617893,7.62348079578465,6.44297610008298,6.103143020426,4.07255884179348,8.59185045092899,10.6144331321887,7.64760170459228,8.61552088823142,3.66665970899306,5.70988886076158,6.1203923012604,5.17778371995226,4.63482991441861,7.37557409945857,6.513929017374,9.75739022723877,10.1064654591613,5.5948509411768,7.97498034355136,4.01608032840302,11.1941155695641,8.93060716204316,9.7629615780567,5.55168039269269,3.84814452864728,10.5455073582806,8.2020647958356,10.4460754104549,10.9312152656113,11.4968029068742,4.95870810915736,5.81002457157581,9.51084350232246,6.7347083119379,"V"
7.09796372384574,6.46424488128173,8.47660958849788,6.69653802553396,7.17862710452902,9.49421722230421,7.33991985650949,8.84100793090902,5.63985520421629,10.5571198971325,10.1061704754672,5.31611676467199,6.48468088195318,3.82577541548933,3.62720114327402,3.41501566748752,8.02234302211346,6.08184508644284,5.16668723139615,7.46683155298835,10.5417841257238,9.39815411729228,7.31677707238404,8.39688562766371,6.83760791174749,5.72910712802638,6.13815776644257,5.7123423418489,6.23295878522667,5.57001350827097,5.62589520857169,10.9840998585799,9.77052560473586,4.71672605862827,8.28691365312999,4.64506267193697,10.6925009636085,8.66839920169939,10.5948432628593,6.76715583506441,3.85227765743245,9.9405440308307,7.63179792173199,10.4060180316748,9.18416458022676,9.8756055348828,4.75881690338047,6.24976577263821,7.52596911290805,7.54305271610048,"V"
